caseid,tname,tid,http_status,download_bytes,ok,n_rows,finite_values,value_min,value_max
3594,SNUADC/ECG_II,93ae3ca0875c42f93bdf5d0b4c8c13564e30cb9c,200,156828568,True,13884249,13874848,-4.95626,5.14543
3594,SNUADC/PLETH,52c84c0d2f94ca824edb2ba47d61a346f588923c,200,124824386,True,13884249,13874848,-198.25,94.4319
3594,Solar8000/ART_MBP,e5df9ca418cf611f51021463ecda265f7ef8c0f3,200,153829,True,13541,13541,-13.0,314.0
6198,SNUADC/ECG_II,68ee721b31f495b962cd7b4b9290cc172d42185b,200,56470561,True,5006493,4995596,-4.95626,5.14543
6198,SNUADC/PLETH,88575596d98fe3a49d33c2a263ce31e3031bc075,200,44803596,True,5006493,4995596,-198.25,91.272
6198,Solar8000/ART_MBP,db8dd33e64dcec66c5fe895d7e3cf25156f6e13c,200,51482,True,4627,4627,-13.0,319.0
734,SNUADC/ECG_II,27655f2588bb71151687c2c01ff124f30c091564,200,112125756,True,10444584,10442824,-4.95626,5.14543
734,SNUADC/PLETH,0782940ff7d21d4cf5afc8094f4a071c88bce30f,200,93445720,True,10444584,10442824,-198.25,96.0118
734,Solar8000/ART_MBP,cdd94c37dd37dfb6524b9fe9e21b43106fdcfcec,200,110904,True,10173,10173,-19.0,274.0
